<?xml version="1.0" encoding="UTF-8"?>
<emitter imageName="" name="Healing Particle">
  <spawnInterval enabled="true" max="150.0" min="100.0"/>
  <spawnCount enabled="true" max="3.0" min="1.0"/>
  <initialLife enabled="true" max="1000.0" min="500.0"/>
  <initialSize enabled="true" max="15.0" min="5.0"/>
  <xOffset enabled="true" max="4.0" min="-4.0"/>
  <yOffset enabled="true" max="4.0" min="-4.0"/>
  <initialDistance enabled="false" max="0.0" min="0.0"/>
  <speed enabled="true" max="50.0" min="12.0"/>
  <length enabled="false" max="1000.0" min="500.0"/>
  <spread value="40.0"/>
  <angularOffset value="0.0"/>
  <growthFactor value="20.0"/>
  <gravityFactor value="0.0"/>
  <startAlpha value="255.0"/>
  <endAlpha value="0.0"/>
  <color>
    <step b="0.0" g="0.0" offset="0.0" r="1.0"/>
    <step b="0.0" g="0.0" offset="0.336" r="1.0"/>
    <step b="0.0" g="0.0" offset="1.0" r="1.0"/>
  </color>
</emitter>
